first_name,last_name,email,gender,mobile,birth,adress
Reg,Stuck,rstuck0@techcrunch.com,Male,8733414343,8/6/1997,5 3rd Drive
Jemie,O'Connel,joconnel1@ox.ac.uk,Female,0292338325,7/28/1937,13940 Nevada Street
Eirena,Lamperd,elamperd2@geocities.jp,Female,2967361305,5/21/1907,15898 Clemons Park
Lizabeth,Hedgeley,lhedgeley3@umich.edu,Female,3206713684,10/18/2012,28255 Fair Oaks Junction
Mellisent,Le Breton,mlebreton4@foxnews.com,Female,4143915200,9/20/1904,1 School Crossing
Berti,Ferrarotti,bferrarotti5@boston.com,Non-binary,4485929124,9/18/1993,82853 1st Trail
Humberto,Duckham,hduckham6@apache.org,Male,4288868548,3/22/1978,3980 Riverside Place
Roana,Simond,rsimond7@unblog.fr,Female,5715631904,2/8/1921,3414 Carberry Place
Bevin,Jozefiak,bjozefiak8@joomla.org,Male,0266759890,4/13/2003,04 Claremont Point
Lance,Kanzler,lkanzler9@ebay.com,Male,0628907184,12/9/1991,07 Cordelia Center
Idalina,Dale,idalea@canalblog.com,Female,8305271889,1/20/1986,1262 Mayer Park
Cally,Norridge,cnorridgeb@yahoo.co.jp,Female,8388319426,6/22/1940,2 Fallview Court
Constantin,Gavrieli,cgavrielic@discovery.com,Male,7957822533,2/26/1932,09695 Longview Pass
Johnna,Novkovic,jnovkovicd@washingtonpost.com,Female,5290210180,2/8/1942,17 Fulton Place
Nancy,Frankum,nfrankume@epa.gov,Female,8104720430,2/14/1936,03759 Oriole Point
Tait,Dyott,tdyottf@walmart.com,Male,6375396530,6/8/1900,56359 Roxbury Circle
Cher,Streat,cstreatg@europa.eu,Female,7648571250,3/12/1986,28864 Novick Alley
Suzanna,Galvan,sgalvanh@privacy.gov.au,Female,9111341262,5/29/1982,8 Scofield Trail
Ora,McComish,omccomishi@topsy.com,Female,4313606211,1/15/1900,4050 Susan Circle
Odella,Symons,osymonsj@cnbc.com,Female,7104499520,3/26/2021,70 Main Way
Jermain,Reaper,jreaperk@latimes.com,Male,7538627839,12/10/1999,44 Bayside Street
Sadye,Baudacci,sbaudaccil@craigslist.org,Female,7336726666,1/5/1911,30 Green Ridge Alley
Skipper,Coie,scoiem@latimes.com,Male,0977575306,5/26/1944,28449 West Junction
Weider,Heliar,wheliarn@sina.com.cn,Male,4125117233,7/8/1955,9 Duke Terrace
Roger,Antonijevic,rantonijevico@weather.com,Genderqueer,3255033314,3/9/2014,13 Ridge Oak Drive
Eduardo,Saenz,esaenzp@geocities.com,Male,2894184972,3/4/1964,8839 Fisk Alley
Felic,Jukubczak,fjukubczakq@g.co,Male,0455338833,7/29/1956,8 Prentice Crossing
De,Kike,dkiker@ycombinator.com,Agender,8502482459,8/6/1932,3 Park Meadow Avenue
Claudell,Paye,cpayes@ifeng.com,Male,0557920795,10/4/1915,292 Monterey Pass
Ambur,Maffi,amaffit@irs.gov,Female,6338548594,10/21/1944,91 Muir Plaza
Dallas,Britten,dbrittenu@cafepress.com,Female,0275390594,3/18/1995,1715 Crest Line Alley
Claybourne,Schermick,cschermickv@unicef.org,Male,8604313346,10/5/1945,256 Texas Park
Seline,Leathes,sleathesw@mayoclinic.com,Female,4505698866,3/7/1921,19457 Twin Pines Parkway
Worthington,Bugbee,wbugbeex@phpbb.com,Male,7022973326,2/9/1934,2974 Monica Court
Patti,Casterou,pcasterouy@sogou.com,Female,5792689040,11/8/1961,8 Mcbride Junction
Maryellen,Tolworth,mtolworthz@apple.com,Female,2651996009,12/22/2009,58 Dottie Hill
Skippie,Osburn,sosburn10@state.tx.us,Genderfluid,0142316873,12/18/1920,30150 Goodland Park
Culver,Sea,csea11@gov.uk,Male,8516553140,11/22/1950,28 Glendale Road
Danette,Wallsworth,dwallsworth12@creativecommons.org,Female,6396137976,10/5/2023,954 Elmside Circle
Niel,Ekins,nekins13@huffingtonpost.com,Male,4590160781,1/19/1947,9 Annamark Pass
Felisha,Rubertelli,frubertelli14@is.gd,Female,1754807739,4/30/1931,0 Hallows Pass
Charo,Auguste,cauguste15@over-blog.com,Female,5494728609,9/9/2015,1569 Jenifer Way
Laureen,Barbrook,lbarbrook16@spotify.com,Female,3710287529,12/18/1981,7066 Warbler Court
Marianne,O'Farrell,mofarrell17@si.edu,Female,0747741263,9/17/1932,8 Corscot Plaza
Mitchel,Iorizzi,miorizzi18@live.com,Male,7034202613,7/7/1941,3 Oneill Road
Isidro,Yeend,iyeend19@unesco.org,Male,7378230413,12/15/1914,25 Bobwhite Alley
Gaultiero,Abbott,gabbott1a@techcrunch.com,Male,6869029105,1/17/2022,47351 Buena Vista Park
Justine,Rubrow,jrubrow1b@surveymonkey.com,Female,0896748111,9/8/2009,8367 Drewry Drive
Hilde,Stanlick,hstanlick1c@ocn.ne.jp,Female,1296507653,6/5/1974,3703 Oakridge Street
Lev,Ambrogetti,lambrogetti1d@nydailynews.com,Male,3504564121,12/8/2016,31 Superior Court
